case,PrefixLen,Act1,Act2,Act3,Act4,Act5,Act6,Act7,Act8,Act9,Act10,gender_cat,citizen_cat,age_group,german_speaking_cat,religious_cat,label,score
6385,10,A08,A12,A11,A03,A06,A05,A07,A09,A02,A04,F,T,45-64,T,F,1,1
7113,10,A08,A12,A11,A03,A05,A09,A02,A07,A01,A01,F,F,45-64,T,F,1,0
4277,10,A08,A12,A11,A03,A05,A09,A07,A04,A01,A10,F,T,45-64,T,T,1,1
4083,10,A08,A12,A03,A11,A05,A09,A07,A01,A04,A10,F,F,45-64,F,F,1,1
5280,10,A08,A12,A03,A11,A05,A07,A09,A04,A04,A10,F,F,45-64,F,F,1,1
3037,10,A08,A12,A11,A03,A05,A02,A07,A04,A01,A10,F,F,30-44,T,F,1,1
850,10,A08,A12,A11,A03,A06,A05,A07,A09,A04,A04,T,T,65+,T,F,1,1
179,10,A08,A12,A11,A03,A05,A02,A07,A04,A04,A10,F,F,45-64,T,F,1,1
9570,10,A08,A12,A11,A03,A05,A09,A07,A02,A04,A04,F,F,30-44,T,F,1,1
1025,10,A08,A12,A03,A11,A05,A07,A02,A01,A04,A10,T,F,45-64,F,T,1,1
5973,10,A08,A12,A11,A03,A06,A05,A02,A07,A01,A04,F,T,45-64,T,F,1,1
2629,10,A08,A12,A11,A03,A06,A05,A07,A09,A01,A04,F,T,45-64,F,T,1,1
9759,10,A08,A12,A11,A03,A06,A05,A09,A02,A07,A04,T,T,45-64,T,T,1,1
555,10,A08,A12,A11,A03,A05,A07,A09,A01,A04,A10,T,F,30-44,T,T,1,1
7883,10,A08,A12,A11,A03,A06,A05,A07,A09,A02,A04,T,T,45-64,F,T,0,1
1686,10,A08,A12,A03,A11,A05,A09,A07,A04,A04,A10,T,T,30-44,T,T,1,1
9874,10,A08,A12,A11,A03,A05,A07,A02,A04,A04,A10,T,F,45-64,F,T,1,1
5478,10,A08,A12,A11,A03,A05,A07,A02,A04,A01,A10,T,T,45-64,T,F,1,1
6075,10,A08,A12,A11,A03,A06,A05,A07,A09,A04,A04,T,T,45-64,F,F,1,1
7354,10,A08,A12,A03,A11,A06,A05,A09,A07,A02,A04,T,T,65+,T,F,1,1
954,10,A08,A12,A11,A03,A05,A07,A09,A01,A04,A10,T,T,45-64,F,T,1,1
3103,10,A08,A12,A11,A03,A05,A07,A09,A04,A01,A01,F,T,45-64,F,F,0,0
1495,10,A08,A12,A03,A11,A05,A09,A07,A01,A04,A10,T,T,45-64,T,T,1,1
9873,10,A08,A12,A03,A11,A05,A02,A07,A04,A01,A01,T,T,30-44,T,T,0,0
4466,10,A08,A12,A03,A11,A05,A07,A09,A04,A04,A10,F,F,45-64,T,T,1,1
375,10,A08,A12,A03,A11,A05,A09,A07,A04,A01,A10,F,T,45-64,T,T,1,1
185,10,A08,A12,A11,A03,A06,A05,A09,A07,A04,A01,T,T,30-44,F,F,1,0
4383,10,A08,A12,A11,A03,A06,A05,A07,A09,A01,A01,F,F,45-64,T,T,0,0
8410,10,A08,A12,A03,A11,A06,A05,A07,A09,A01,A04,F,T,45-64,T,T,1,1
8265,10,A08,A12,A11,A03,A05,A07,A09,A01,A04,A10,T,F,45-64,T,T,1,1
8219,10,A08,A12,A03,A11,A06,A05,A09,A07,A04,A04,F,F,30-44,F,F,1,1
1356,10,A08,A12,A11,A03,A05,A07,A02,A04,A01,A10,F,T,18-29,T,F,1,1
1886,10,A08,A12,A11,A03,A06,A05,A02,A07,A09,A01,F,F,45-64,T,F,0,0
794,10,A08,A12,A11,A03,A06,A05,A09,A07,A01,A01,F,F,45-64,F,F,0,0
5272,10,A08,A12,A03,A11,A06,A05,A07,A02,A09,A04,F,F,45-64,T,F,1,1
6492,10,A08,A12,A11,A03,A06,A05,A07,A02,A01,A04,T,T,45-64,F,F,0,1
6570,10,A08,A12,A11,A03,A06,A05,A09,A07,A02,A04,F,F,30-44,T,F,1,1
840,10,A08,A12,A11,A03,A05,A09,A07,A01,A04,A10,T,F,45-64,T,F,1,1
9569,10,A08,A12,A03,A11,A06,A05,A09,A07,A04,A04,T,F,45-64,F,T,1,1
9889,10,A08,A12,A11,A03,A05,A07,A09,A04,A04,A10,T,F,45-64,T,T,1,1
2102,10,A08,A12,A03,A11,A06,A05,A07,A02,A04,A04,T,T,45-64,T,F,1,1
7239,10,A08,A12,A11,A03,A05,A07,A09,A04,A01,A01,T,F,45-64,F,T,0,0
3999,10,A08,A12,A03,A11,A05,A07,A09,A04,A04,A10,T,F,45-64,T,F,1,1
8378,10,A08,A12,A03,A11,A06,A05,A02,A07,A09,A04,F,T,45-64,F,T,1,1
8355,10,A08,A12,A11,A03,A05,A09,A07,A04,A04,A10,F,F,30-44,T,F,1,1
5606,10,A08,A12,A03,A11,A05,A07,A02,A04,A04,A10,T,T,45-64,T,F,1,1
6286,10,A08,A12,A03,A11,A05,A09,A07,A04,A04,A10,F,T,65+,T,F,1,1
8945,10,A08,A12,A03,A11,A06,A05,A07,A09,A01,A04,T,F,45-64,T,F,1,1
9441,10,A08,A12,A11,A03,A05,A07,A02,A01,A04,A10,T,T,45-64,T,T,1,1
2498,10,A08,A12,A03,A11,A05,A07,A02,A09,A04,A04,T,F,18-29,T,F,1,1
3711,10,A08,A12,A11,A03,A05,A09,A07,A04,A04,A10,T,T,45-64,F,T,1,1
6554,10,A08,A12,A03,A11,A05,A09,A07,A04,A01,A10,T,F,65+,T,T,1,1
925,10,A08,A12,A03,A11,A05,A02,A07,A01,A04,A10,F,T,30-44,F,F,1,1
9163,10,A08,A12,A11,A03,A05,A07,A02,A04,A04,A10,T,F,30-44,T,F,1,1
8284,10,A08,A12,A03,A11,A05,A07,A09,A04,A04,A10,F,F,45-64,F,F,1,1
8763,10,A08,A12,A03,A11,A06,A05,A07,A09,A01,A04,T,F,45-64,T,F,1,1
4877,10,A08,A12,A11,A03,A06,A05,A07,A09,A04,A04,T,T,30-44,F,T,1,1
44,10,A08,A12,A03,A11,A05,A09,A07,A04,A01,A10,T,T,65+,T,F,1,1
6591,10,A08,A12,A11,A03,A06,A05,A07,A09,A04,A01,F,T,30-44,T,T,1,1
2837,10,A08,A12,A11,A03,A05,A07,A02,A01,A04,A10,F,F,30-44,F,T,1,1
8028,10,A08,A12,A11,A03,A06,A05,A07,A02,A01,A01,T,F,45-64,F,F,0,0
4914,10,A08,A12,A11,A03,A05,A09,A07,A01,A04,A01,F,F,45-64,T,T,0,0
7249,10,A08,A12,A11,A03,A05,A07,A09,A04,A01,A10,F,T,45-64,T,T,1,1
9458,10,A08,A12,A03,A11,A05,A09,A07,A04,A01,A10,F,T,45-64,T,F,1,1
2694,10,A08,A12,A03,A11,A05,A07,A02,A09,A04,A01,T,F,45-64,T,F,1,0
6672,10,A08,A12,A03,A11,A06,A05,A07,A09,A04,A04,T,T,45-64,F,F,1,1
2412,10,A08,A12,A11,A03,A05,A07,A09,A04,A04,A10,T,T,45-64,F,T,1,1
7325,10,A08,A12,A03,A11,A05,A07,A02,A09,A01,A04,F,T,30-44,T,F,1,1
4954,10,A08,A12,A11,A03,A05,A09,A07,A04,A01,A01,T,F,45-64,T,T,0,0
8098,10,A08,A12,A11,A03,A05,A02,A07,A04,A04,A10,T,F,30-44,T,F,1,1
2594,10,A08,A12,A11,A03,A05,A07,A02,A04,A04,A10,F,F,45-64,F,T,1,1
9199,10,A08,A12,A11,A03,A05,A07,A09,A01,A04,A10,F,T,30-44,F,T,1,1
2682,10,A08,A12,A03,A11,A05,A07,A02,A04,A01,A10,T,T,18-29,F,F,1,1
4556,10,A08,A12,A03,A11,A06,A05,A09,A07,A04,A01,T,F,45-64,T,F,1,1
5138,10,A08,A12,A11,A03,A06,A05,A02,A07,A01,A04,T,T,45-64,T,T,1,1
4581,10,A08,A12,A03,A11,A05,A02,A09,A07,A04,A04,T,T,30-44,F,T,1,1
8785,10,A08,A12,A03,A11,A05,A07,A09,A04,A04,A10,T,T,45-64,T,T,1,1
5022,10,A08,A12,A03,A11,A06,A05,A07,A02,A09,A01,T,F,45-64,T,F,1,0
4406,10,A08,A12,A11,A03,A06,A05,A07,A02,A04,A04,T,T,45-64,F,T,1,1
4142,10,A08,A12,A03,A11,A05,A09,A07,A04,A04,A10,T,T,45-64,F,F,1,1
2593,10,A08,A12,A11,A03,A05,A09,A07,A01,A04,A10,T,F,45-64,T,T,1,1
6308,10,A08,A12,A11,A03,A05,A09,A07,A04,A01,A10,T,T,45-64,T,T,1,1
9201,10,A08,A12,A03,A11,A06,A05,A09,A07,A01,A01,T,T,65+,F,F,0,0
4504,10,A08,A12,A03,A11,A06,A05,A02,A07,A01,A04,T,F,30-44,T,T,1,1
4215,10,A08,A12,A11,A03,A05,A07,A02,A04,A04,A10,F,T,45-64,T,T,1,1
7181,10,A08,A12,A11,A03,A05,A02,A07,A01,A04,A10,T,T,18-29,T,F,1,1
8024,10,A08,A12,A11,A03,A05,A02,A09,A07,A04,A04,F,F,30-44,F,T,1,1
8447,10,A08,A12,A11,A03,A05,A02,A07,A01,A04,A10,F,T,45-64,F,F,1,1
1585,10,A08,A12,A03,A11,A05,A07,A02,A04,A04,A10,T,T,45-64,T,T,1,1
9041,10,A08,A12,A11,A03,A05,A09,A07,A04,A01,A10,F,T,30-44,T,F,1,1
2183,10,A08,A12,A11,A03,A06,A05,A02,A07,A01,A04,F,T,30-44,T,T,1,1
8989,10,A08,A12,A11,A03,A06,A05,A07,A09,A04,A04,T,T,45-64,T,T,1,1
9465,10,A08,A12,A11,A03,A06,A05,A07,A02,A09,A01,F,F,45-64,T,F,1,0
1811,10,A08,A12,A11,A03,A05,A07,A09,A04,A01,A01,F,T,30-44,T,F,0,0
163,10,A08,A12,A11,A03,A05,A09,A07,A04,A04,A10,T,T,65+,T,T,1,1
6234,10,A08,A12,A11,A03,A05,A07,A09,A01,A04,A10,T,F,45-64,T,T,1,1
6949,10,A08,A12,A11,A03,A05,A09,A07,A04,A04,A10,T,F,30-44,F,T,1,1
7165,10,A08,A12,A11,A03,A06,A05,A09,A07,A01,A04,T,F,45-64,T,T,1,1
2968,10,A08,A12,A03,A11,A06,A05,A07,A09,A02,A04,F,T,45-64,F,F,1,0
3814,10,A08,A12,A11,A03,A06,A05,A07,A09,A01,A01,F,F,45-64,F,F,0,0
5447,10,A08,A12,A11,A03,A05,A07,A09,A04,A04,A10,F,F,30-44,T,T,1,1
4607,10,A08,A12,A03,A11,A05,A07,A02,A01,A04,A10,T,F,45-64,F,T,1,1
3716,10,A08,A12,A11,A03,A05,A07,A09,A04,A04,A10,F,F,45-64,T,T,1,1
367,10,A08,A12,A11,A03,A05,A09,A07,A02,A04,A04,T,F,45-64,T,F,1,1
6818,10,A08,A12,A03,A11,A05,A09,A07,A02,A01,A01,T,T,45-64,F,F,1,0
4535,10,A08,A12,A03,A11,A06,A05,A07,A09,A01,A04,T,F,45-64,F,T,0,1
3790,10,A08,A12,A03,A11,A05,A09,A07,A04,A04,A10,F,T,45-64,T,F,1,1
480,10,A08,A12,A11,A03,A05,A09,A07,A04,A01,A10,F,T,45-64,F,T,1,1
3741,10,A08,A12,A03,A11,A05,A09,A07,A01,A04,A10,T,T,30-44,T,T,1,1
9317,10,A08,A12,A03,A11,A05,A07,A09,A04,A01,A10,F,T,30-44,F,F,1,1
4637,10,A08,A12,A11,A03,A05,A07,A09,A04,A04,A10,T,F,45-64,T,T,1,1
9610,10,A08,A12,A11,A03,A06,A05,A02,A07,A04,A01,T,T,30-44,T,F,1,1
538,10,A08,A12,A03,A11,A05,A07,A02,A04,A04,A10,F,T,30-44,T,T,1,1
280,10,A08,A12,A11,A03,A05,A07,A09,A04,A04,A10,T,T,45-64,F,T,1,1
2027,10,A08,A12,A03,A11,A05,A07,A02,A04,A04,A10,T,T,45-64,T,T,1,1
3468,10,A08,A12,A11,A03,A05,A07,A02,A04,A04,A10,T,T,45-64,T,F,1,1
4702,10,A08,A12,A11,A03,A06,A05,A09,A07,A01,A04,T,T,45-64,T,F,1,1
4804,10,A08,A12,A11,A03,A06,A05,A02,A07,A04,A04,T,T,30-44,T,F,1,1
7366,10,A08,A12,A11,A03,A05,A07,A09,A02,A04,A04,F,T,30-44,F,T,1,1
2529,10,A08,A12,A03,A11,A06,A05,A07,A09,A04,A01,F,F,30-44,F,F,1,1
170,10,A08,A12,A03,A11,A06,A05,A09,A07,A01,A04,F,T,45-64,T,T,1,1
2632,10,A08,A12,A11,A03,A05,A09,A07,A04,A01,A10,T,T,65+,T,T,1,1
5350,10,A08,A12,A03,A11,A06,A05,A07,A09,A04,A04,T,T,45-64,T,T,1,1
9826,10,A08,A12,A03,A11,A06,A05,A07,A09,A01,A01,F,T,45-64,F,T,0,0
5365,10,A08,A12,A03,A11,A06,A05,A02,A07,A01,A01,T,T,45-64,T,T,0,0
3823,10,A08,A12,A11,A03,A05,A07,A09,A04,A04,A10,F,T,30-44,T,T,1,1
2446,10,A08,A12,A11,A03,A06,A05,A07,A09,A01,A01,T,F,65+,F,F,0,0
3812,10,A08,A12,A11,A03,A06,A05,A09,A07,A01,A01,F,T,45-64,F,T,0,0
321,10,A08,A12,A11,A03,A05,A07,A02,A04,A01,A10,F,T,30-44,F,F,1,1
2683,10,A08,A12,A03,A11,A05,A07,A02,A04,A01,A10,T,T,45-64,F,F,1,1
320,10,A08,A12,A11,A03,A06,A05,A07,A09,A04,A04,T,T,30-44,F,T,1,1
7704,10,A08,A12,A11,A03,A05,A07,A09,A01,A04,A10,T,T,30-44,T,T,1,1
3695,10,A08,A12,A11,A03,A06,A05,A07,A09,A04,A01,F,F,45-64,T,T,1,1
6399,10,A08,A12,A03,A11,A05,A02,A09,A07,A04,A01,T,T,45-64,T,F,1,1
2747,10,A08,A12,A11,A03,A05,A07,A09,A04,A04,A10,T,F,30-44,T,F,1,1
196,10,A08,A12,A11,A03,A05,A02,A07,A04,A04,A10,T,F,45-64,T,T,1,1
476,10,A08,A12,A03,A11,A05,A09,A07,A01,A04,A10,T,F,45-64,F,T,1,1
8642,10,A08,A12,A03,A11,A06,A05,A09,A07,A01,A04,T,T,45-64,F,F,1,1
7404,10,A08,A12,A11,A03,A05,A07,A09,A04,A04,A10,T,T,30-44,T,F,1,1
3632,10,A08,A12,A11,A03,A05,A09,A07,A04,A04,A10,F,T,30-44,T,F,1,1
5899,10,A08,A12,A03,A11,A06,A05,A07,A09,A01,A01,F,F,65+,F,F,0,0
4524,10,A08,A12,A11,A03,A05,A09,A07,A04,A04,A10,F,T,45-64,T,T,1,1
9993,10,A08,A12,A11,A03,A06,A05,A02,A07,A09,A01,F,T,30-44,T,F,0,0
7230,10,A08,A12,A11,A03,A05,A07,A02,A04,A04,A10,F,T,45-64,F,F,1,1
8772,10,A08,A12,A11,A03,A05,A07,A02,A04,A01,A10,F,F,30-44,T,T,1,1
2125,10,A08,A12,A03,A11,A06,A05,A07,A09,A01,A04,T,T,30-44,T,T,1,1
1467,10,A08,A12,A03,A11,A05,A09,A02,A07,A04,A01,F,F,45-64,T,T,1,1
2189,10,A08,A12,A03,A11,A06,A05,A09,A07,A04,A04,F,F,45-64,T,T,1,1
935,10,A08,A12,A03,A11,A05,A09,A07,A02,A01,A04,F,F,45-64,T,T,1,1
3361,10,A08,A12,A11,A03,A05,A07,A09,A04,A04,A10,T,T,45-64,F,T,1,1
6926,10,A08,A12,A03,A11,A06,A05,A09,A07,A04,A04,T,F,30-44,F,F,1,1
2602,10,A08,A12,A11,A03,A06,A05,A09,A07,A04,A01,F,F,45-64,F,T,1,0
1443,10,A08,A12,A11,A03,A05,A07,A02,A01,A04,A10,F,T,45-64,T,F,1,1
4855,10,A08,A12,A03,A11,A05,A02,A07,A04,A01,A10,T,F,45-64,T,F,1,1
9486,10,A08,A12,A03,A11,A06,A05,A09,A07,A04,A04,T,F,45-64,F,T,1,1
8419,10,A08,A12,A11,A03,A06,A05,A09,A07,A04,A04,T,F,45-64,F,T,1,1
4103,10,A08,A12,A11,A03,A05,A02,A07,A04,A01,A10,T,T,45-64,T,T,1,1
8126,10,A08,A12,A03,A11,A05,A02,A07,A04,A01,A10,F,T,45-64,T,F,1,1
1923,10,A08,A12,A03,A11,A06,A05,A07,A09,A01,A01,T,T,65+,F,F,0,0
5716,10,A08,A12,A11,A03,A06,A05,A09,A02,A07,A01,F,T,45-64,F,T,0,0
7135,10,A08,A12,A11,A03,A05,A07,A02,A09,A04,A01,F,F,45-64,T,T,1,1
4189,10,A08,A12,A03,A11,A05,A02,A07,A09,A01,A01,T,T,45-64,T,F,0,0
4558,10,A08,A12,A03,A11,A05,A07,A09,A04,A04,A10,T,T,45-64,F,T,1,1
289,10,A08,A12,A03,A11,A05,A07,A02,A01,A04,A10,F,T,30-44,T,T,1,1
5215,10,A08,A12,A11,A03,A05,A07,A02,A04,A04,A10,T,T,45-64,T,T,1,1
4066,10,A08,A12,A11,A03,A05,A07,A02,A04,A04,A10,F,F,45-64,F,T,1,1
160,10,A08,A12,A03,A11,A05,A07,A02,A04,A04,A10,T,F,30-44,F,F,1,1
6970,10,A08,A12,A11,A03,A05,A02,A07,A04,A04,A10,F,F,45-64,T,T,1,1
5909,10,A08,A12,A11,A03,A05,A09,A07,A02,A04,A04,T,T,30-44,F,F,1,1
9014,10,A08,A12,A03,A11,A05,A09,A07,A04,A04,A10,F,T,45-64,F,F,1,1
1078,10,A08,A12,A11,A03,A05,A02,A07,A01,A04,A10,T,T,30-44,F,T,1,1
6341,10,A08,A12,A11,A03,A06,A05,A07,A09,A04,A01,T,T,45-64,T,T,0,1
1345,10,A08,A12,A03,A11,A05,A07,A09,A04,A01,A01,F,T,30-44,T,F,0,0
4458,10,A08,A12,A03,A11,A05,A07,A09,A04,A04,A10,F,T,45-64,T,T,1,1
7775,10,A08,A12,A11,A03,A05,A02,A07,A09,A04,A01,F,T,45-64,T,T,1,1
9733,10,A08,A12,A11,A03,A05,A07,A09,A04,A01,A10,T,F,45-64,F,T,1,1
1949,10,A08,A12,A03,A11,A05,A02,A07,A09,A04,A04,T,F,30-44,T,T,1,1
2799,10,A08,A12,A11,A03,A05,A02,A09,A07,A04,A04,F,T,30-44,T,T,1,1
9942,10,A08,A12,A03,A11,A06,A05,A07,A02,A01,A04,F,T,65+,T,F,1,1
2271,10,A08,A12,A03,A11,A05,A09,A07,A04,A04,A10,F,T,45-64,F,T,1,1
6359,10,A08,A12,A03,A11,A05,A09,A07,A04,A01,A10,F,T,45-64,T,F,1,1
9665,10,A08,A12,A03,A11,A05,A09,A07,A04,A01,A10,F,F,45-64,T,F,1,1
1970,10,A08,A12,A03,A11,A05,A07,A02,A04,A01,A10,F,T,45-64,T,F,1,1
2964,10,A08,A12,A03,A11,A05,A09,A07,A01,A04,A10,T,T,18-29,T,T,1,1
1278,10,A08,A12,A11,A03,A06,A05,A02,A07,A04,A01,T,F,45-64,F,F,1,1
2137,10,A08,A12,A03,A11,A06,A05,A07,A02,A01,A01,T,T,45-64,T,F,0,0
8302,10,A08,A12,A03,A11,A06,A05,A02,A09,A07,A04,F,T,45-64,T,T,1,1
1841,10,A08,A12,A03,A11,A05,A09,A07,A04,A04,A10,F,T,45-64,F,F,1,1
9801,10,A08,A12,A03,A11,A05,A07,A02,A04,A04,A10,F,F,30-44,T,F,1,1
4074,10,A08,A12,A03,A11,A05,A09,A07,A04,A04,A10,F,T,45-64,T,T,1,1
5847,10,A08,A12,A11,A03,A05,A02,A07,A01,A04,A10,F,T,45-64,F,F,1,1
7215,10,A08,A12,A11,A03,A05,A07,A09,A04,A04,A10,T,F,45-64,T,T,1,1
3638,10,A08,A12,A11,A03,A06,A05,A07,A09,A04,A04,T,F,45-64,F,T,1,1
9881,10,A08,A12,A03,A11,A05,A07,A09,A02,A04,A04,F,T,45-64,T,T,1,1
6813,10,A08,A12,A03,A11,A05,A09,A07,A04,A01,A10,T,T,45-64,F,F,1,1
4084,10,A08,A12,A03,A11,A05,A09,A07,A04,A04,A10,T,T,30-44,T,T,1,1
5202,10,A08,A12,A03,A11,A05,A02,A07,A04,A04,A10,F,T,45-64,T,T,1,1
1800,10,A08,A12,A11,A03,A06,A05,A07,A09,A01,A01,F,T,30-44,T,T,0,0
6556,10,A08,A12,A03,A11,A05,A02,A07,A01,A04,A10,T,F,65+,F,T,1,1
1666,10,A08,A12,A11,A03,A06,A05,A09,A07,A02,A01,F,F,45-64,F,F,0,0
4191,10,A08,A12,A03,A11,A05,A09,A07,A02,A04,A01,T,F,45-64,T,T,1,1
8357,10,A08,A12,A11,A03,A05,A02,A09,A07,A01,A01,F,F,65+,T,T,1,0
464,10,A08,A12,A03,A11,A06,A05,A07,A09,A02,A01,T,F,30-44,F,F,1,0
8935,10,A08,A12,A03,A11,A06,A05,A07,A09,A01,A01,T,T,45-64,T,T,0,0
6004,10,A08,A12,A11,A03,A05,A02,A07,A01,A04,A10,F,T,45-64,F,F,1,1
460,10,A08,A12,A11,A03,A05,A07,A09,A04,A01,A10,F,T,45-64,F,F,1,1
2901,10,A08,A12,A03,A11,A05,A07,A02,A04,A01,A10,T,F,45-64,F,T,1,1
6045,10,A08,A12,A11,A03,A05,A07,A02,A04,A04,A10,F,T,45-64,F,F,1,1
8960,10,A08,A12,A03,A11,A05,A09,A07,A04,A01,A10,F,T,45-64,T,F,1,1
1021,10,A08,A12,A11,A03,A06,A05,A07,A02,A09,A01,T,T,45-64,T,F,1,0
4900,10,A08,A12,A11,A03,A06,A05,A09,A07,A02,A01,F,F,65+,T,T,1,0
9521,10,A08,A12,A11,A03,A06,A05,A09,A07,A01,A01,T,F,45-64,T,F,0,0
7978,10,A08,A12,A03,A11,A05,A09,A07,A02,A04,A01,T,T,30-44,T,F,1,1
7688,10,A08,A12,A03,A11,A05,A02,A07,A01,A04,A10,T,T,45-64,T,T,1,1
3464,10,A08,A12,A03,A11,A06,A05,A02,A09,A07,A01,F,T,45-64,T,F,1,1
4845,10,A08,A12,A11,A03,A05,A07,A09,A01,A04,A10,T,F,30-44,F,F,1,1
4049,10,A08,A12,A11,A03,A05,A07,A09,A01,A04,A10,F,T,30-44,F,T,1,1
2263,10,A08,A12,A03,A11,A05,A07,A09,A04,A01,A10,T,T,30-44,F,T,1,1
5376,10,A08,A12,A11,A03,A06,A05,A07,A09,A04,A01,T,T,45-64,T,F,1,1
2797,10,A08,A12,A03,A11,A05,A07,A09,A01,A04,A10,F,F,30-44,F,T,1,1
6571,10,A08,A12,A03,A11,A06,A05,A07,A09,A01,A04,T,T,30-44,F,T,1,1
2929,10,A08,A12,A03,A11,A05,A07,A09,A01,A04,A10,T,T,30-44,T,F,1,1
5788,10,A08,A12,A03,A11,A06,A05,A07,A09,A01,A01,F,T,45-64,F,F,0,0
9790,10,A08,A12,A11,A03,A05,A09,A07,A04,A04,A10,T,T,45-64,T,T,1,1
3393,10,A08,A12,A11,A03,A05,A07,A09,A04,A01,A10,F,F,45-64,F,T,1,1
4819,10,A08,A12,A11,A03,A05,A02,A07,A01,A04,A10,F,T,45-64,F,T,1,1
4218,10,A08,A12,A03,A11,A05,A09,A07,A01,A04,A10,T,T,30-44,T,T,1,1
4275,10,A08,A12,A03,A11,A06,A05,A07,A09,A02,A04,T,F,30-44,T,T,1,0
8774,10,A08,A12,A03,A11,A06,A05,A09,A07,A01,A01,F,T,45-64,T,F,0,0
574,10,A08,A12,A03,A11,A06,A05,A07,A02,A09,A01,F,F,45-64,F,T,1,0
7420,10,A08,A12,A11,A03,A06,A05,A07,A09,A04,A01,F,T,30-44,F,F,1,1
7533,10,A08,A12,A03,A11,A06,A05,A07,A09,A02,A04,F,F,45-64,F,T,1,0
9165,10,A08,A12,A11,A03,A06,A05,A07,A09,A01,A04,F,T,45-64,F,F,1,1
2300,10,A08,A12,A03,A11,A05,A09,A07,A01,A04,A10,T,T,45-64,F,F,1,1
2334,10,A08,A12,A03,A11,A06,A05,A07,A09,A04,A01,T,T,45-64,F,T,1,1
4781,10,A08,A12,A03,A11,A05,A02,A07,A04,A04,A10,T,T,65+,T,F,1,1
7054,10,A08,A12,A03,A11,A05,A07,A09,A04,A04,A10,T,F,45-64,F,F,1,1
7631,10,A08,A12,A03,A11,A05,A07,A09,A04,A01,A10,T,T,30-44,F,T,1,1
5729,10,A08,A12,A11,A03,A05,A02,A07,A04,A04,A10,T,T,45-64,T,T,1,1
8429,10,A08,A12,A11,A03,A06,A05,A07,A02,A04,A01,F,T,45-64,F,F,1,1
7093,10,A08,A12,A11,A03,A05,A09,A07,A04,A01,A10,T,F,45-64,F,F,1,1
9183,10,A08,A12,A11,A03,A06,A05,A09,A07,A01,A04,F,F,30-44,T,T,1,1
5734,10,A08,A12,A11,A03,A06,A05,A02,A07,A04,A04,F,F,45-64,T,T,1,1
7705,10,A08,A12,A11,A03,A05,A07,A09,A04,A01,A10,T,T,30-44,T,F,1,1
8351,10,A08,A12,A11,A03,A05,A09,A07,A02,A04,A04,F,T,30-44,F,T,1,1
9862,10,A08,A12,A11,A03,A05,A07,A02,A04,A04,A10,T,T,45-64,F,T,1,1
3572,10,A08,A12,A11,A03,A06,A05,A09,A07,A04,A04,T,F,45-64,F,T,1,1
3348,10,A08,A12,A11,A03,A06,A05,A07,A02,A04,A04,F,T,30-44,T,T,1,1
9241,10,A08,A12,A11,A03,A05,A09,A07,A04,A01,A10,T,T,45-64,T,T,1,1
887,10,A08,A12,A03,A11,A05,A02,A07,A04,A04,A10,T,F,30-44,T,T,1,1
8781,10,A08,A12,A03,A11,A05,A07,A09,A04,A04,A10,T,F,30-44,T,F,1,1
6141,10,A08,A12,A03,A11,A05,A09,A02,A07,A04,A04,F,F,45-64,T,T,1,1
5886,10,A08,A12,A03,A11,A05,A07,A09,A04,A04,A01,F,T,45-64,T,F,1,1
9145,10,A08,A12,A03,A11,A05,A07,A09,A04,A01,A10,F,T,30-44,T,F,1,1
20,10,A08,A12,A11,A03,A05,A09,A07,A04,A01,A10,F,T,30-44,T,T,1,1
7812,10,A08,A12,A11,A03,A06,A05,A07,A02,A04,A04,T,F,45-64,F,T,1,1
7118,10,A08,A12,A03,A11,A05,A07,A09,A01,A04,A10,T,F,30-44,T,F,1,1
93,10,A08,A12,A11,A03,A06,A05,A09,A07,A01,A01,F,T,30-44,F,F,0,0
8907,10,A08,A12,A11,A03,A05,A07,A02,A09,A04,A01,T,T,45-64,F,F,1,1
2188,10,A08,A12,A11,A03,A05,A09,A07,A04,A01,A10,T,T,30-44,T,F,1,1
6007,10,A08,A12,A11,A03,A05,A09,A02,A07,A04,A01,T,F,65+,T,T,1,1
4924,10,A08,A12,A03,A11,A05,A09,A07,A04,A04,A10,T,T,30-44,T,F,1,1
9675,10,A08,A12,A03,A11,A05,A07,A09,A01,A04,A10,F,T,45-64,F,T,1,1
4349,10,A08,A12,A03,A11,A06,A05,A07,A02,A09,A04,T,T,30-44,T,T,1,1
1708,10,A08,A12,A03,A11,A05,A07,A09,A04,A04,A10,T,F,45-64,T,T,1,1
255,10,A08,A12,A03,A11,A06,A05,A02,A07,A04,A04,T,T,30-44,F,T,1,1
83,10,A08,A12,A03,A11,A05,A07,A09,A01,A04,A10,F,F,30-44,T,F,1,1
1867,10,A08,A12,A11,A03,A05,A02,A07,A01,A04,A10,T,T,45-64,T,T,1,1
8564,10,A08,A12,A11,A03,A06,A05,A07,A09,A04,A04,F,T,45-64,T,T,1,1
6530,10,A08,A12,A03,A11,A06,A05,A07,A09,A01,A04,F,F,45-64,T,T,1,1
8077,10,A08,A12,A11,A03,A05,A07,A09,A04,A01,A10,T,T,30-44,T,T,1,1
808,10,A08,A12,A03,A11,A05,A07,A09,A04,A01,A10,T,F,45-64,F,T,1,1
3522,10,A08,A12,A11,A03,A06,A05,A09,A07,A02,A04,T,T,45-64,F,T,1,1
505,10,A08,A12,A11,A03,A06,A05,A07,A02,A04,A04,F,F,30-44,F,T,1,1
7482,10,A08,A12,A11,A03,A05,A09,A07,A04,A01,A10,F,F,45-64,T,T,1,1
5417,10,A08,A12,A11,A03,A05,A07,A09,A04,A04,A10,F,F,45-64,T,F,1,1
7898,10,A08,A12,A11,A03,A05,A07,A09,A04,A04,A10,T,T,30-44,F,T,1,1
6043,10,A08,A12,A03,A11,A05,A09,A07,A04,A01,A10,T,F,30-44,T,T,1,1
8565,10,A08,A12,A11,A03,A05,A07,A02,A04,A04,A10,F,T,45-64,T,T,1,1
3377,10,A08,A12,A11,A03,A05,A02,A07,A04,A04,A10,T,T,30-44,T,T,1,1
5401,10,A08,A12,A11,A03,A05,A07,A09,A04,A01,A01,T,T,45-64,T,F,0,0
7937,10,A08,A12,A03,A11,A05,A09,A07,A04,A04,A10,F,T,45-64,T,F,1,1
6426,10,A08,A12,A03,A11,A05,A07,A02,A04,A04,A10,T,F,45-64,T,T,1,1
4813,10,A08,A12,A11,A03,A05,A02,A07,A01,A04,A10,T,T,45-64,T,F,1,1
1061,10,A08,A12,A03,A11,A05,A07,A09,A01,A04,A10,T,F,45-64,T,F,1,1
9983,10,A08,A12,A03,A11,A06,A05,A07,A09,A01,A01,T,F,30-44,T,T,0,0
1766,10,A08,A12,A03,A11,A05,A09,A07,A02,A04,A01,T,F,45-64,T,T,1,1
9692,10,A08,A12,A03,A11,A05,A09,A07,A04,A01,A10,T,T,45-64,T,T,1,1
9652,10,A08,A12,A03,A11,A05,A09,A07,A04,A04,A10,T,F,30-44,T,T,1,1
6944,10,A08,A12,A11,A03,A05,A07,A09,A01,A04,A10,F,F,45-64,T,F,1,1
5671,10,A08,A12,A11,A03,A05,A09,A07,A04,A04,A10,T,T,30-44,T,T,1,1
1962,10,A08,A12,A03,A11,A06,A05,A07,A09,A01,A01,T,F,30-44,F,F,0,0
2266,10,A08,A12,A03,A11,A05,A09,A07,A01,A04,A10,T,T,45-64,T,F,1,1
8808,10,A08,A12,A11,A03,A05,A09,A07,A04,A01,A10,T,T,45-64,T,T,1,1
3039,10,A08,A12,A03,A11,A05,A09,A07,A04,A04,A10,T,T,65+,F,F,1,1
3174,10,A08,A12,A03,A11,A05,A07,A02,A04,A01,A10,F,F,45-64,T,T,1,1
706,10,A08,A12,A11,A03,A06,A05,A09,A02,A07,A04,F,T,45-64,T,T,1,1
7859,10,A08,A12,A11,A03,A05,A09,A07,A04,A04,A10,F,F,45-64,T,F,1,1
7703,10,A08,A12,A03,A11,A05,A07,A09,A04,A04,A10,T,T,45-64,T,T,1,1
6502,10,A08,A12,A03,A11,A05,A09,A07,A04,A01,A10,T,T,45-64,T,F,1,1
9047,10,A08,A12,A11,A03,A05,A02,A07,A04,A01,A10,F,T,45-64,F,T,1,1
4526,10,A08,A12,A11,A03,A05,A07,A09,A04,A01,A10,T,T,45-64,F,T,1,1
3144,10,A08,A12,A11,A03,A06,A05,A02,A07,A01,A01,F,T,65+,F,F,0,0
1199,10,A08,A12,A11,A03,A05,A07,A02,A04,A01,A10,T,F,65+,F,F,1,1
9726,10,A08,A12,A11,A03,A05,A07,A09,A01,A04,A10,T,T,45-64,T,F,1,1
8703,10,A08,A12,A03,A11,A06,A05,A07,A09,A01,A01,T,F,45-64,T,T,0,0
4434,10,A08,A12,A03,A11,A06,A05,A07,A09,A04,A04,T,T,45-64,F,F,1,1
6406,10,A08,A12,A11,A03,A06,A05,A07,A09,A04,A04,T,F,30-44,F,T,1,1
5194,10,A08,A12,A11,A03,A05,A02,A07,A04,A01,A10,T,T,45-64,F,T,1,1
1122,10,A08,A12,A03,A11,A05,A09,A07,A02,A01,A04,F,F,45-64,F,T,1,1
8551,10,A08,A12,A03,A11,A05,A02,A07,A04,A01,A10,T,T,30-44,F,T,1,1
7555,10,A08,A12,A03,A11,A05,A09,A02,A07,A01,A01,T,F,30-44,T,T,1,0
6837,10,A08,A12,A03,A11,A05,A07,A02,A09,A04,A04,T,T,45-64,F,F,1,1
6803,10,A08,A12,A03,A11,A05,A07,A09,A01,A04,A10,T,F,45-64,T,T,1,1
6418,10,A08,A12,A03,A11,A06,A05,A07,A02,A04,A04,T,T,45-64,T,F,1,1
6661,10,A08,A12,A03,A11,A05,A09,A07,A04,A04,A10,F,T,30-44,T,T,1,1
6134,10,A08,A12,A11,A03,A05,A02,A09,A07,A04,A04,F,T,30-44,T,T,1,1
2665,10,A08,A12,A03,A11,A05,A09,A07,A01,A04,A10,T,T,30-44,F,F,1,1
7787,10,A08,A12,A03,A11,A05,A07,A09,A04,A01,A10,T,T,30-44,T,F,1,1
8424,10,A08,A12,A03,A11,A06,A05,A07,A09,A01,A04,F,T,45-64,F,F,1,1
6718,10,A08,A12,A03,A11,A06,A05,A07,A02,A01,A04,F,T,45-64,T,T,1,1
2442,10,A08,A12,A03,A11,A06,A05,A02,A07,A04,A04,T,T,45-64,T,T,1,1
6608,10,A08,A12,A03,A11,A05,A02,A09,A07,A04,A01,F,F,45-64,T,T,1,1
4508,10,A08,A12,A03,A11,A05,A07,A09,A04,A01,A10,T,T,45-64,F,F,1,1
5625,10,A08,A12,A03,A11,A05,A09,A07,A04,A04,A10,T,F,30-44,T,T,1,1
6095,10,A08,A12,A03,A11,A05,A07,A09,A04,A01,A10,T,T,30-44,F,F,1,1
9529,10,A08,A12,A03,A11,A06,A05,A09,A07,A04,A04,F,F,45-64,F,F,1,1
39,10,A08,A12,A03,A11,A05,A09,A07,A04,A04,A10,T,F,45-64,F,F,1,1
9779,10,A08,A12,A11,A03,A05,A09,A07,A04,A01,A10,F,T,45-64,F,T,1,1
9910,10,A08,A12,A03,A11,A06,A05,A07,A09,A04,A04,T,F,65+,F,F,1,1
1810,10,A08,A12,A11,A03,A06,A05,A09,A07,A01,A01,F,F,65+,T,F,0,0
7826,10,A08,A12,A11,A03,A06,A05,A02,A07,A01,A01,F,T,30-44,F,F,0,0
3568,10,A08,A12,A11,A03,A05,A07,A09,A02,A01,A04,T,F,30-44,T,T,1,0
5371,10,A08,A12,A03,A11,A06,A05,A02,A07,A04,A04,T,T,30-44,T,T,1,1
6515,10,A08,A12,A03,A11,A06,A05,A02,A07,A04,A01,T,F,45-64,T,T,0,1
8906,10,A08,A12,A11,A03,A05,A02,A07,A01,A04,A01,F,T,30-44,F,T,0,0
3210,10,A08,A12,A03,A11,A05,A07,A02,A09,A01,A04,F,F,45-64,F,T,1,1
338,10,A08,A12,A11,A03,A05,A07,A09,A04,A04,A10,T,T,45-64,F,T,1,1
7446,10,A08,A12,A11,A03,A06,A05,A02,A07,A01,A04,F,F,45-64,F,T,1,1
6144,10,A08,A12,A03,A11,A05,A09,A07,A04,A01,A10,F,T,45-64,T,T,1,1
4970,10,A08,A12,A03,A11,A05,A07,A09,A04,A04,A10,T,T,45-64,F,T,1,1
1444,10,A08,A12,A11,A03,A05,A02,A07,A04,A04,A10,T,T,30-44,F,F,1,1
447,10,A08,A12,A03,A11,A05,A07,A09,A04,A04,A10,T,T,45-64,T,F,1,1
4315,10,A08,A12,A03,A11,A06,A05,A07,A09,A04,A01,T,F,45-64,T,F,1,1
3311,10,A08,A12,A11,A03,A05,A07,A09,A04,A04,A01,T,T,45-64,T,F,1,1
8861,10,A08,A12,A03,A11,A06,A05,A07,A02,A04,A04,F,F,45-64,T,T,1,1
1611,10,A08,A12,A11,A03,A05,A09,A07,A04,A01,A10,T,F,30-44,T,T,1,1
2923,10,A08,A12,A03,A11,A06,A05,A02,A09,A07,A04,T,F,30-44,T,F,1,1
7567,10,A08,A12,A11,A03,A05,A09,A07,A04,A01,A10,T,T,45-64,F,T,1,1
9721,10,A08,A12,A03,A11,A05,A07,A09,A04,A04,A10,T,F,30-44,T,T,1,1
4633,10,A08,A12,A03,A11,A05,A07,A02,A01,A04,A10,T,T,45-64,T,T,1,1
2021,10,A08,A12,A11,A03,A05,A02,A07,A04,A04,A10,T,T,45-64,T,T,1,1
6824,10,A08,A12,A03,A11,A05,A02,A09,A07,A04,A01,T,T,45-64,F,T,1,1
4420,10,A08,A12,A11,A03,A05,A09,A02,A07,A04,A04,F,T,45-64,F,T,1,1
6629,10,A08,A12,A03,A11,A05,A07,A02,A09,A01,A04,T,T,30-44,T,F,1,1
3143,10,A08,A12,A11,A03,A05,A09,A07,A04,A04,A10,F,F,65+,F,T,1,1
7743,10,A08,A12,A03,A11,A05,A02,A09,A07,A04,A04,F,T,30-44,T,T,1,1
1568,10,A08,A12,A11,A03,A05,A09,A07,A04,A04,A10,T,T,45-64,T,F,1,1
332,10,A08,A12,A11,A03,A06,A05,A02,A07,A01,A04,F,T,30-44,F,T,1,1
3607,10,A08,A12,A03,A11,A06,A05,A07,A09,A01,A01,T,T,30-44,F,T,0,0
1588,10,A08,A12,A11,A03,A05,A09,A07,A04,A01,A10,T,T,45-64,F,T,1,1
7765,10,A08,A12,A03,A11,A05,A07,A09,A01,A04,A10,T,T,45-64,F,F,1,1
4648,10,A08,A12,A03,A11,A05,A09,A07,A04,A04,A10,F,F,30-44,T,T,1,1
9027,10,A08,A12,A03,A11,A05,A02,A07,A09,A04,A01,F,T,45-64,T,T,1,1
3697,10,A08,A12,A11,A03,A06,A05,A02,A07,A01,A01,F,F,45-64,T,T,0,0
7400,10,A08,A12,A03,A11,A05,A02,A07,A09,A04,A01,T,T,45-64,T,F,1,1
4021,10,A08,A12,A11,A03,A06,A05,A07,A09,A04,A04,T,T,45-64,T,F,1,1
7524,10,A08,A12,A11,A03,A06,A05,A09,A07,A04,A04,T,F,45-64,T,F,1,1
2232,10,A08,A12,A11,A03,A05,A09,A07,A01,A04,A10,F,T,45-64,T,F,1,1
7273,10,A08,A12,A11,A03,A06,A05,A07,A09,A01,A01,F,T,65+,F,F,0,0
6397,10,A08,A12,A11,A03,A05,A07,A09,A04,A01,A10,T,T,45-64,F,T,1,1
7405,10,A08,A12,A11,A03,A05,A09,A07,A01,A04,A10,T,T,45-64,T,T,1,1
5322,10,A08,A12,A11,A03,A05,A07,A09,A04,A04,A01,T,F,65+,T,T,1,1
6517,10,A08,A12,A11,A03,A06,A05,A07,A02,A01,A01,T,T,45-64,T,T,0,0
6001,10,A08,A12,A11,A03,A05,A09,A07,A04,A04,A01,F,F,45-64,T,F,1,1
4280,10,A08,A12,A03,A11,A05,A07,A09,A04,A01,A10,F,T,45-64,T,F,1,1
7228,10,A08,A12,A03,A11,A05,A07,A09,A04,A01,A10,F,T,30-44,F,T,1,1
5530,10,A08,A12,A11,A03,A05,A02,A07,A01,A04,A10,F,F,45-64,T,F,1,1
2591,10,A08,A12,A03,A11,A05,A09,A07,A02,A01,A04,F,F,45-64,T,F,1,1
5440,10,A08,A12,A11,A03,A05,A02,A07,A04,A01,A10,F,F,45-64,T,T,1,1
3449,10,A08,A12,A03,A11,A05,A09,A07,A04,A04,A10,T,T,45-64,F,T,1,1
473,10,A08,A12,A11,A03,A05,A07,A02,A04,A01,A10,F,F,45-64,T,T,1,1
8478,10,A08,A12,A03,A11,A06,A05,A02,A07,A04,A01,F,T,45-64,F,T,1,1
3645,10,A08,A12,A03,A11,A05,A09,A02,A07,A01,A04,F,T,45-64,T,T,1,1
8013,10,A08,A12,A11,A03,A06,A05,A07,A02,A01,A04,T,T,45-64,F,F,0,1
8797,10,A08,A12,A03,A11,A05,A09,A07,A04,A01,A10,T,T,45-64,T,T,1,1
8569,10,A08,A12,A11,A03,A05,A07,A09,A04,A01,A10,T,T,30-44,T,F,1,1
615,10,A08,A12,A11,A03,A05,A07,A09,A02,A01,A04,F,T,45-64,T,T,1,0
7028,10,A08,A12,A11,A03,A06,A05,A09,A07,A01,A04,T,T,45-64,F,T,1,1
9943,10,A08,A12,A11,A03,A06,A05,A07,A09,A01,A04,F,T,65+,F,F,0,1
8507,10,A08,A12,A03,A11,A06,A05,A02,A07,A01,A04,T,T,65+,F,F,1,1
5766,10,A08,A12,A03,A11,A05,A07,A09,A04,A01,A10,F,T,45-64,T,T,1,1
2074,10,A08,A12,A11,A03,A06,A05,A02,A07,A09,A01,F,F,45-64,F,T,1,0
9031,10,A08,A12,A03,A11,A06,A05,A09,A07,A01,A04,F,F,65+,T,F,0,1
7552,10,A08,A12,A11,A03,A06,A05,A02,A07,A01,A04,F,T,45-64,T,F,1,1
433,10,A08,A12,A11,A03,A05,A09,A07,A01,A04,A10,T,T,45-64,T,T,1,1
8065,10,A08,A12,A11,A03,A06,A05,A07,A09,A04,A04,T,F,45-64,T,T,1,1
2333,10,A08,A12,A03,A11,A05,A07,A02,A09,A01,A01,F,F,45-64,T,F,1,0
6463,10,A08,A12,A11,A03,A06,A05,A07,A09,A01,A04,F,F,65+,T,T,1,1
265,10,A08,A12,A11,A03,A06,A05,A07,A09,A04,A01,T,F,45-64,F,T,1,1
4921,10,A08,A12,A11,A03,A05,A09,A07,A04,A04,A10,T,T,30-44,T,T,1,1
2432,10,A08,A12,A03,A11,A05,A09,A07,A01,A04,A10,T,F,45-64,T,T,1,1
1619,10,A08,A12,A11,A03,A05,A09,A07,A04,A04,A10,T,T,65+,T,F,1,1
8597,10,A08,A12,A03,A11,A06,A05,A07,A09,A01,A04,T,T,45-64,F,T,1,1
2787,10,A08,A12,A03,A11,A06,A05,A09,A07,A01,A01,F,T,65+,T,T,0,0
1830,10,A08,A12,A11,A03,A05,A07,A02,A01,A04,A10,T,T,45-64,T,F,1,1
2161,10,A08,A12,A03,A11,A06,A05,A07,A02,A09,A01,T,F,45-64,F,F,1,0
2941,10,A08,A12,A11,A03,A05,A09,A07,A04,A04,A10,T,F,45-64,F,T,1,1
562,10,A08,A12,A03,A11,A05,A07,A09,A04,A01,A10,F,T,45-64,T,T,1,1
3866,10,A08,A12,A03,A11,A06,A05,A02,A07,A04,A04,T,F,45-64,T,T,1,1
9673,10,A08,A12,A03,A11,A06,A05,A09,A07,A04,A01,T,T,45-64,T,F,1,1
7001,10,A08,A12,A03,A11,A06,A05,A07,A09,A01,A01,T,T,30-44,T,T,0,0
8125,10,A08,A12,A03,A11,A05,A07,A09,A04,A04,A10,F,T,45-64,T,T,1,1
6516,10,A08,A12,A03,A11,A06,A05,A02,A07,A04,A04,T,F,45-64,F,F,1,1
2398,10,A08,A12,A11,A03,A05,A07,A02,A04,A01,A10,F,T,65+,T,F,1,1
4009,10,A08,A12,A11,A03,A06,A05,A07,A02,A04,A04,T,F,45-64,F,F,1,1
3693,10,A08,A12,A03,A11,A05,A09,A07,A04,A01,A10,F,F,45-64,F,F,1,1
2729,10,A08,A12,A11,A03,A05,A02,A09,A07,A04,A04,T,T,30-44,T,F,1,1
7412,10,A08,A12,A11,A03,A05,A07,A02,A04,A04,A10,F,F,30-44,T,T,1,1
3256,10,A08,A12,A03,A11,A05,A07,A02,A01,A04,A10,T,F,45-64,F,T,1,1
3248,10,A08,A12,A03,A11,A05,A09,A07,A04,A04,A10,F,F,45-64,T,T,1,1
7436,10,A08,A12,A03,A11,A05,A07,A09,A02,A04,A04,T,F,45-64,T,T,1,1
959,10,A08,A12,A03,A11,A05,A09,A07,A01,A04,A10,T,F,45-64,T,F,1,1
6354,10,A08,A12,A11,A03,A05,A09,A07,A04,A01,A10,F,T,45-64,F,T,1,1
3957,10,A08,A12,A11,A03,A06,A05,A07,A09,A04,A01,F,T,45-64,T,T,1,1
4787,10,A08,A12,A03,A11,A05,A09,A07,A04,A04,A10,T,T,45-64,T,F,1,1
3827,10,A08,A12,A11,A03,A05,A07,A02,A04,A04,A01,F,T,45-64,T,T,1,1
3578,10,A08,A12,A11,A03,A06,A05,A07,A09,A04,A04,T,T,30-44,F,F,1,1
6175,10,A08,A12,A03,A11,A05,A07,A09,A04,A04,A10,T,T,45-64,F,F,1,1
9360,10,A08,A12,A11,A03,A06,A05,A09,A07,A04,A01,F,T,45-64,F,F,1,0
620,10,A08,A12,A03,A11,A06,A05,A09,A07,A02,A04,T,T,45-64,F,T,1,1
4932,10,A08,A12,A03,A11,A05,A07,A09,A01,A04,A10,T,T,45-64,T,T,1,1
6038,10,A08,A12,A11,A03,A05,A07,A09,A04,A04,A10,T,F,45-64,T,T,1,1
5984,10,A08,A12,A03,A11,A05,A09,A07,A01,A04,A10,T,T,30-44,T,T,1,1
1002,10,A08,A12,A11,A03,A06,A05,A07,A09,A01,A04,F,F,65+,T,T,1,1
3082,10,A08,A12,A03,A11,A06,A05,A09,A07,A01,A04,T,F,45-64,T,F,1,1
8953,10,A08,A12,A03,A11,A05,A07,A09,A01,A04,A10,F,T,45-64,T,T,1,1
3100,10,A08,A12,A11,A03,A05,A07,A02,A09,A04,A04,F,T,45-64,F,T,1,1
3112,10,A08,A12,A03,A11,A06,A05,A09,A07,A04,A01,T,T,45-64,T,F,1,1
5746,10,A08,A12,A11,A03,A05,A07,A02,A01,A04,A10,F,T,30-44,F,T,1,1
8099,10,A08,A12,A03,A11,A05,A07,A09,A04,A04,A10,T,F,45-64,F,T,1,1
6066,10,A08,A12,A11,A03,A05,A02,A07,A01,A04,A10,T,T,30-44,T,T,1,1
6917,10,A08,A12,A11,A03,A05,A07,A09,A04,A01,A10,F,T,45-64,F,F,1,1
2153,10,A08,A12,A03,A11,A05,A07,A09,A01,A04,A10,T,T,45-64,T,F,1,1
1928,10,A08,A12,A11,A03,A06,A05,A07,A09,A01,A04,T,F,45-64,T,T,1,1
9546,10,A08,A12,A11,A03,A05,A02,A07,A09,A01,A04,T,T,45-64,F,T,1,1
3473,10,A08,A12,A11,A03,A05,A07,A02,A04,A04,A10,T,T,45-64,F,T,1,1
204,10,A08,A12,A11,A03,A05,A02,A07,A04,A04,A10,T,F,30-44,T,T,1,1
5546,10,A08,A12,A11,A03,A05,A07,A02,A01,A04,A10,F,T,45-64,F,T,1,1
7159,10,A08,A12,A03,A11,A05,A09,A02,A07,A01,A01,F,F,30-44,F,F,0,0
4910,10,A08,A12,A11,A03,A05,A02,A07,A04,A04,A10,F,T,45-64,F,T,1,1
1079,10,A08,A12,A11,A03,A05,A07,A02,A04,A01,A10,T,F,45-64,T,F,1,1
2566,10,A08,A12,A11,A03,A05,A02,A09,A07,A01,A04,T,T,30-44,T,F,1,1
9126,10,A08,A12,A11,A03,A05,A07,A09,A02,A04,A04,F,F,45-64,T,T,1,1
3628,10,A08,A12,A11,A03,A06,A05,A07,A02,A09,A04,T,T,45-64,T,T,1,1
5641,10,A08,A12,A11,A03,A06,A05,A02,A07,A09,A01,T,T,45-64,F,F,1,0
6454,10,A08,A12,A11,A03,A05,A07,A09,A02,A04,A04,F,F,65+,T,F,1,1
1358,10,A08,A12,A11,A03,A05,A07,A02,A04,A04,A10,T,F,45-64,F,F,1,1
8620,10,A08,A12,A03,A11,A06,A05,A07,A02,A04,A01,F,F,45-64,F,F,1,0
3830,10,A08,A12,A03,A11,A05,A07,A09,A04,A01,A10,T,T,45-64,T,T,1,1
7880,10,A08,A12,A11,A03,A05,A07,A09,A04,A04,A10,T,T,30-44,F,T,1,1
7728,10,A08,A12,A03,A11,A06,A05,A07,A09,A01,A04,T,F,45-64,T,T,1,1
9024,10,A08,A12,A03,A11,A05,A07,A09,A04,A04,A10,F,F,30-44,T,T,1,1
674,10,A08,A12,A11,A03,A05,A07,A09,A01,A04,A10,T,T,30-44,T,F,1,1
9333,10,A08,A12,A11,A03,A05,A09,A07,A01,A04,A10,F,T,65+,F,T,1,1
1453,10,A08,A12,A11,A03,A05,A09,A07,A01,A04,A10,F,F,45-64,F,F,1,1
2121,10,A08,A12,A03,A11,A05,A02,A07,A04,A04,A10,F,T,45-64,T,T,1,1
2778,10,A08,A12,A03,A11,A05,A09,A07,A01,A04,A10,F,F,30-44,F,F,1,1
8402,10,A08,A12,A03,A11,A06,A05,A09,A07,A04,A01,F,T,45-64,T,F,1,1
9410,10,A08,A12,A11,A03,A05,A07,A02,A04,A01,A10,T,T,30-44,T,F,1,1
1514,10,A08,A12,A11,A03,A06,A05,A07,A02,A01,A04,F,T,45-64,T,F,1,1
2066,10,A08,A12,A03,A11,A05,A02,A09,A07,A04,A01,T,T,30-44,T,T,1,1
1513,10,A08,A12,A03,A11,A06,A05,A07,A02,A01,A04,T,F,30-44,T,F,1,1
5121,10,A08,A12,A03,A11,A06,A05,A07,A02,A09,A04,F,F,45-64,F,F,1,1
10,10,A08,A12,A03,A11,A05,A09,A07,A04,A01,A10,F,T,30-44,F,T,1,1
6551,10,A08,A12,A03,A11,A05,A09,A07,A04,A04,A10,T,T,45-64,F,F,1,1
4761,10,A08,A12,A11,A03,A05,A02,A07,A04,A04,A10,T,F,30-44,F,F,1,1
8867,10,A08,A12,A11,A03,A05,A09,A07,A04,A04,A10,T,F,30-44,T,T,1,1
9127,10,A08,A12,A03,A11,A06,A05,A07,A09,A01,A04,T,F,65+,F,T,1,1
1133,10,A08,A12,A03,A11,A05,A07,A02,A01,A04,A10,T,F,45-64,F,T,1,1
819,10,A08,A12,A11,A03,A06,A05,A07,A02,A01,A01,F,T,45-64,T,T,0,0
8728,10,A08,A12,A03,A11,A05,A07,A09,A04,A01,A10,F,T,45-64,T,T,1,1
110,10,A08,A12,A03,A11,A05,A07,A09,A04,A04,A10,T,T,18-29,T,F,1,1
5034,10,A08,A12,A03,A11,A06,A05,A09,A07,A04,A01,T,F,45-64,T,F,1,1
1645,10,A08,A12,A11,A03,A06,A05,A07,A02,A04,A04,F,T,30-44,F,F,1,1
3469,10,A08,A12,A03,A11,A05,A09,A07,A04,A04,A10,F,F,45-64,T,T,1,1
2258,10,A08,A12,A03,A11,A05,A07,A09,A01,A04,A10,T,T,45-64,F,T,1,1
2744,10,A08,A12,A03,A11,A05,A07,A09,A04,A01,A10,T,T,45-64,T,T,1,1
9986,10,A08,A12,A11,A03,A05,A07,A02,A09,A04,A04,F,T,30-44,F,T,1,1
7122,10,A08,A12,A11,A03,A05,A07,A09,A04,A04,A10,F,T,45-64,F,T,1,1
7383,10,A08,A12,A11,A03,A06,A05,A02,A07,A04,A01,T,F,30-44,F,T,1,1
3109,10,A08,A12,A03,A11,A05,A09,A02,A07,A04,A04,F,T,45-64,T,T,1,1
1872,10,A08,A12,A03,A11,A05,A07,A09,A04,A04,A10,F,T,45-64,T,F,1,1
920,10,A08,A12,A11,A03,A05,A02,A07,A04,A04,A10,F,F,45-64,T,F,1,1
779,10,A08,A12,A03,A11,A05,A07,A09,A01,A04,A10,F,T,45-64,T,F,1,1
2785,10,A08,A12,A11,A03,A06,A05,A09,A07,A01,A04,T,T,30-44,T,F,1,1
3403,10,A08,A12,A11,A03,A06,A05,A09,A07,A04,A04,T,T,45-64,F,F,1,1
7692,10,A08,A12,A03,A11,A05,A02,A07,A04,A04,A10,T,F,45-64,F,F,1,1
9314,10,A08,A12,A11,A03,A05,A09,A07,A01,A04,A10,T,T,30-44,T,T,1,1
8625,10,A08,A12,A03,A11,A05,A07,A09,A01,A04,A10,F,T,45-64,T,F,1,1
3700,10,A08,A12,A11,A03,A06,A05,A09,A07,A04,A04,T,F,30-44,T,T,1,1
5869,10,A08,A12,A03,A11,A05,A09,A07,A01,A04,A10,T,T,45-64,T,T,1,1
1053,10,A08,A12,A11,A03,A05,A02,A07,A04,A04,A10,F,T,30-44,T,T,1,1
8157,10,A08,A12,A03,A11,A05,A07,A09,A01,A04,A10,T,F,45-64,F,T,1,1
3884,10,A08,A12,A11,A03,A05,A07,A09,A04,A04,A01,T,F,45-64,T,F,1,1
3629,10,A08,A12,A11,A03,A06,A05,A09,A07,A04,A04,F,T,45-64,T,F,1,1
5169,10,A08,A12,A11,A03,A06,A05,A07,A02,A04,A01,T,T,45-64,T,T,1,1
3545,10,A08,A12,A11,A03,A05,A02,A07,A04,A04,A10,T,T,45-64,T,F,1,1
4625,10,A08,A12,A03,A11,A05,A02,A07,A04,A04,A10,T,T,45-64,F,T,1,1
8729,10,A08,A12,A03,A11,A06,A05,A02,A09,A07,A01,T,T,45-64,T,T,1,1
2733,10,A08,A12,A11,A03,A06,A05,A02,A07,A04,A01,F,F,30-44,F,T,1,1
5062,10,A08,A12,A11,A03,A06,A05,A07,A02,A04,A01,F,F,45-64,T,T,1,1
9252,10,A08,A12,A03,A11,A06,A05,A09,A07,A01,A04,F,T,45-64,F,F,1,1
2645,10,A08,A12,A03,A11,A06,A05,A07,A02,A09,A04,T,F,45-64,T,T,1,1
9619,10,A08,A12,A03,A11,A06,A05,A02,A09,A07,A04,T,T,30-44,T,F,1,1
1279,10,A08,A12,A11,A03,A05,A07,A09,A01,A04,A10,T,F,45-64,T,F,1,1
8614,10,A08,A12,A11,A03,A05,A07,A09,A02,A01,A01,T,F,45-64,T,T,0,1
8611,10,A08,A12,A03,A11,A06,A05,A07,A02,A04,A01,F,F,45-64,F,T,1,0
4918,10,A08,A12,A03,A11,A06,A05,A09,A07,A04,A04,F,F,45-64,T,F,1,1
6474,10,A08,A12,A11,A03,A06,A05,A09,A07,A04,A04,T,F,45-64,F,F,1,1
5554,10,A08,A12,A03,A11,A05,A07,A02,A01,A04,A10,F,T,45-64,T,T,1,1
5303,10,A08,A12,A11,A03,A05,A07,A09,A01,A04,A10,T,T,30-44,T,F,1,1
8303,10,A08,A12,A03,A11,A06,A05,A09,A07,A01,A01,T,F,45-64,F,T,0,0
8713,10,A08,A12,A11,A03,A05,A09,A07,A04,A01,A10,T,T,65+,F,F,1,1
8862,10,A08,A12,A11,A03,A05,A02,A07,A04,A01,A10,T,F,30-44,T,F,1,1
3555,10,A08,A12,A11,A03,A06,A05,A02,A07,A04,A04,T,T,30-44,F,F,1,1
8199,10,A08,A12,A11,A03,A06,A05,A07,A02,A04,A04,F,T,45-64,T,T,1,1
5087,10,A08,A12,A03,A11,A05,A09,A07,A02,A01,A04,T,T,30-44,F,T,1,1
6543,10,A08,A12,A11,A03,A05,A09,A07,A04,A01,A10,T,T,45-64,T,T,1,1
6937,10,A08,A12,A03,A11,A05,A02,A07,A09,A01,A01,F,T,30-44,F,T,0,0
5883,10,A08,A12,A03,A11,A06,A05,A02,A07,A01,A04,F,F,30-44,F,F,1,1
6539,10,A08,A12,A03,A11,A06,A05,A07,A02,A01,A04,T,T,45-64,T,T,1,1
8647,10,A08,A12,A11,A03,A06,A05,A07,A09,A01,A01,F,T,45-64,T,F,0,0
8592,10,A08,A12,A03,A11,A05,A09,A07,A04,A04,A10,T,T,45-64,F,F,1,1
1627,10,A08,A12,A11,A03,A06,A05,A02,A09,A07,A04,T,T,30-44,F,T,1,1
6147,10,A08,A12,A11,A03,A05,A07,A09,A04,A01,A10,T,T,45-64,T,F,1,1
3076,10,A08,A12,A11,A03,A06,A05,A09,A07,A01,A04,T,T,65+,F,T,1,1
4805,10,A08,A12,A03,A11,A05,A07,A09,A04,A04,A10,F,T,30-44,T,F,1,1
6398,10,A08,A12,A11,A03,A05,A09,A07,A01,A04,A10,F,F,45-64,F,T,1,1
3001,10,A08,A12,A03,A11,A05,A07,A02,A01,A04,A10,F,F,30-44,T,F,1,1
15,10,A08,A12,A03,A11,A06,A05,A07,A09,A04,A04,T,F,45-64,F,F,1,1
9720,10,A08,A12,A11,A03,A06,A05,A07,A09,A01,A01,F,T,45-64,F,T,0,0
360,10,A08,A12,A11,A03,A06,A05,A07,A02,A01,A01,F,T,45-64,T,F,0,0
3090,10,A08,A12,A11,A03,A05,A09,A07,A01,A04,A10,T,F,45-64,T,T,1,1
1067,10,A08,A12,A03,A11,A05,A02,A07,A01,A04,A10,F,F,45-64,F,T,1,1
8300,10,A08,A12,A11,A03,A06,A05,A02,A09,A07,A01,F,F,65+,T,F,0,0
6391,10,A08,A12,A03,A11,A06,A05,A07,A02,A01,A01,F,F,45-64,F,F,0,0
1785,10,A08,A12,A03,A11,A05,A09,A07,A02,A04,A01,T,F,65+,T,T,1,1
9503,10,A08,A12,A11,A03,A05,A09,A07,A04,A04,A10,T,F,45-64,F,T,1,1
1973,10,A08,A12,A03,A11,A05,A07,A02,A04,A04,A10,T,T,65+,T,T,1,1
4540,10,A08,A12,A03,A11,A05,A02,A07,A09,A04,A04,F,T,45-64,T,F,1,1
364,10,A08,A12,A03,A11,A05,A07,A02,A09,A04,A01,T,F,45-64,F,T,1,0
7950,10,A08,A12,A11,A03,A06,A05,A07,A09,A04,A04,T,T,45-64,T,T,1,1
960,10,A08,A12,A11,A03,A06,A05,A07,A09,A02,A04,F,T,30-44,F,T,1,1
192,10,A08,A12,A11,A03,A05,A07,A09,A04,A01,A10,T,T,30-44,F,F,1,1
7133,10,A08,A12,A11,A03,A05,A07,A09,A04,A04,A10,F,T,30-44,F,T,1,1
209,10,A08,A12,A11,A03,A05,A02,A07,A04,A04,A10,F,T,30-44,T,F,1,1
3902,10,A08,A12,A03,A11,A06,A05,A09,A07,A04,A04,F,T,30-44,F,F,1,1
2871,10,A08,A12,A03,A11,A06,A05,A07,A09,A04,A01,T,T,45-64,F,T,1,1
9807,10,A08,A12,A11,A03,A06,A05,A09,A07,A04,A04,F,F,30-44,F,F,1,1
3156,10,A08,A12,A03,A11,A06,A05,A09,A07,A01,A04,T,F,45-64,F,F,1,1
6849,10,A08,A12,A03,A11,A06,A05,A07,A02,A01,A01,T,F,45-64,T,T,0,0
5791,10,A08,A12,A11,A03,A05,A02,A07,A04,A04,A10,T,T,30-44,T,T,1,1
3304,10,A08,A12,A03,A11,A05,A02,A09,A07,A01,A01,T,T,30-44,T,T,0,0
8189,10,A08,A12,A11,A03,A05,A09,A07,A01,A04,A10,T,F,45-64,F,T,1,1
8627,10,A08,A12,A03,A11,A06,A05,A09,A07,A01,A04,T,T,30-44,F,T,1,1
2930,10,A08,A12,A03,A11,A05,A07,A09,A04,A04,A10,T,F,45-64,T,F,1,1
9518,10,A08,A12,A03,A11,A05,A07,A09,A01,A04,A10,T,F,30-44,T,T,1,1
3973,10,A08,A12,A03,A11,A06,A05,A07,A02,A09,A04,T,T,30-44,F,T,1,1
2742,10,A08,A12,A03,A11,A05,A07,A02,A01,A04,A10,F,T,45-64,T,T,1,1
4721,10,A08,A12,A03,A11,A05,A07,A09,A04,A01,A10,F,T,65+,T,T,1,1
4193,10,A08,A12,A11,A03,A06,A05,A09,A07,A01,A04,F,F,65+,F,T,1,1
9757,10,A08,A12,A11,A03,A06,A05,A09,A07,A04,A01,T,T,45-64,T,T,1,0
4886,10,A08,A12,A11,A03,A05,A07,A09,A01,A04,A10,T,T,45-64,T,T,1,1
3354,10,A08,A12,A11,A03,A05,A07,A02,A04,A04,A10,F,F,45-64,F,F,1,1
7195,10,A08,A12,A11,A03,A06,A05,A07,A02,A04,A01,T,T,65+,T,F,1,1
4536,10,A08,A12,A11,A03,A05,A07,A02,A09,A04,A01,F,T,45-64,F,F,1,1
1029,10,A08,A12,A03,A11,A05,A07,A09,A04,A04,A10,T,T,45-64,T,T,1,1
5776,10,A08,A12,A03,A11,A06,A05,A09,A07,A01,A04,F,T,30-44,F,T,1,1
